title	url	description	location
Tesla fleet data analytics	https://example.com/tesla-fleet-data-analytics-1	This article covers Tesla fleet data analytics, exploring Elon Musk's role and its implications for the industry. It discusses recent developments, reactions from the public and experts, financial and ethical considerations, and what it signals about the future of technology and Musk's continuing influence. The article also compares this event to similar initiatives in the past and offers insights into strategic decisions and broader societal impact.	USA
Musk's environmental initiatives	https://example.com/musk's-environmental-initiatives-2	This article covers Musk's environmental initiatives, exploring Elon Musk's role and its implications for the industry. It discusses recent developments, reactions from the public and experts, financial and ethical considerations, and what it signals about the future of technology and Musk's continuing influence. The article also compares this event to similar initiatives in the past and offers insights into strategic decisions and broader societal impact.	USA
Tesla and government incentives	https://example.com/tesla-and-government-incentives-3	This article covers Tesla and government incentives, exploring Elon Musk's role and its implications for the industry. It discusses recent developments, reactions from the public and experts, financial and ethical considerations, and what it signals about the future of technology and Musk's continuing influence. The article also compares this event to similar initiatives in the past and offers insights into strategic decisions and broader societal impact.	USA
Twitter policy changes	https://example.com/twitter-policy-changes-4	This article covers Twitter policy changes, exploring Elon Musk's role and its implications for the industry. It discusses recent developments, reactions from the public and experts, financial and ethical considerations, and what it signals about the future of technology and Musk's continuing influence. The article also compares this event to similar initiatives in the past and offers insights into strategic decisions and broader societal impact.	USA
SpaceX and military contracts	https://example.com/spacex-and-military-contracts-5	This article covers SpaceX and military contracts, exploring Elon Musk's role and its implications for the industry. It discusses recent developments, reactions from the public and experts, financial and ethical considerations, and what it signals about the future of technology and Musk's continuing influence. The article also compares this event to similar initiatives in the past and offers insights into strategic decisions and broader societal impact.	USA
Musk's influence on tech CEOs	https://example.com/musk's-influence-on-tech-ceos-6	This article covers Musk's influence on tech CEOs, exploring Elon Musk's role and its implications for the industry. It discusses recent developments, reactions from the public and experts, financial and ethical considerations, and what it signals about the future of technology and Musk's continuing influence. The article also compares this event to similar initiatives in the past and offers insights into strategic decisions and broader societal impact.	USA
Tesla roadster update	https://example.com/tesla-roadster-update-7	This article covers Tesla roadster update, exploring Elon Musk's role and its implications for the industry. It discusses recent developments, reactions from the public and experts, financial and ethical considerations, and what it signals about the future of technology and Musk's continuing influence. The article also compares this event to similar initiatives in the past and offers insights into strategic decisions and broader societal impact.	USA
Musk‚Äôs impact on cryptocurrency	https://example.com/musk‚Äôs-impact-on-cryptocurrency-8	This article covers Musk‚Äôs impact on cryptocurrency, exploring Elon Musk's role and its implications for the industry. It discusses recent developments, reactions from the public and experts, financial and ethical considerations, and what it signals about the future of technology and Musk's continuing influence. The article also compares this event to similar initiatives in the past and offers insights into strategic decisions and broader societal impact.	USA
Tesla investor sentiment	https://example.com/tesla-investor-sentiment-9	This article covers Tesla investor sentiment, exploring Elon Musk's role and its implications for the industry. It discusses recent developments, reactions from the public and experts, financial and ethical considerations, and what it signals about the future of technology and Musk's continuing influence. The article also compares this event to similar initiatives in the past and offers insights into strategic decisions and broader societal impact.	USA
Tesla Autopilot legal issues	https://example.com/tesla-autopilot-legal-issues-10	This article covers Tesla Autopilot legal issues, exploring Elon Musk's role and its implications for the industry. It discusses recent developments, reactions from the public and experts, financial and ethical considerations, and what it signals about the future of technology and Musk's continuing influence. The article also compares this event to similar initiatives in the past and offers insights into strategic decisions and broader societal impact.	USA
SpaceX rocket engine redesign	https://example.com/spacex-rocket-engine-redesign-11	This article covers SpaceX rocket engine redesign, exploring Elon Musk's role and its implications for the industry. It discusses recent developments, reactions from the public and experts, financial and ethical considerations, and what it signals about the future of technology and Musk's continuing influence. The article also compares this event to similar initiatives in the past and offers insights into strategic decisions and broader societal impact.	USA
The Boring Company tunnel project	https://example.com/the-boring-company-tunnel-project-12	This article covers The Boring Company tunnel project, exploring Elon Musk's role and its implications for the industry. It discusses recent developments, reactions from the public and experts, financial and ethical considerations, and what it signals about the future of technology and Musk's continuing influence. The article also compares this event to similar initiatives in the past and offers insights into strategic decisions and broader societal impact.	USA
Tesla Diner grand opening	https://example.com/tesla-diner-grand-opening-13	This article covers Tesla Diner grand opening, exploring Elon Musk's role and its implications for the industry. It discusses recent developments, reactions from the public and experts, financial and ethical considerations, and what it signals about the future of technology and Musk's continuing influence. The article also compares this event to similar initiatives in the past and offers insights into strategic decisions and broader societal impact.	USA
Tesla Model S Plaid launch	https://example.com/tesla-model-s-plaid-launch-14	This article covers Tesla Model S Plaid launch, exploring Elon Musk's role and its implications for the industry. It discusses recent developments, reactions from the public and experts, financial and ethical considerations, and what it signals about the future of technology and Musk's continuing influence. The article also compares this event to similar initiatives in the past and offers insights into strategic decisions and broader societal impact.	USA
Tesla trade-in program	https://example.com/tesla-trade-in-program-15	This article covers Tesla trade-in program, exploring Elon Musk's role and its implications for the industry. It discusses recent developments, reactions from the public and experts, financial and ethical considerations, and what it signals about the future of technology and Musk's continuing influence. The article also compares this event to similar initiatives in the past and offers insights into strategic decisions and broader societal impact.	USA
Tesla safety test results	https://example.com/tesla-safety-test-results-16	This article covers Tesla safety test results, exploring Elon Musk's role and its implications for the industry. It discusses recent developments, reactions from the public and experts, financial and ethical considerations, and what it signals about the future of technology and Musk's continuing influence. The article also compares this event to similar initiatives in the past and offers insights into strategic decisions and broader societal impact.	USA
Grok's integration with X	https://example.com/grok's-integration-with-x-17	This article covers Grok's integration with X, exploring Elon Musk's role and its implications for the industry. It discusses recent developments, reactions from the public and experts, financial and ethical considerations, and what it signals about the future of technology and Musk's continuing influence. The article also compares this event to similar initiatives in the past and offers insights into strategic decisions and broader societal impact.	USA
Musk's philanthropic efforts	https://example.com/musk's-philanthropic-efforts-18	This article covers Musk's philanthropic efforts, exploring Elon Musk's role and its implications for the industry. It discusses recent developments, reactions from the public and experts, financial and ethical considerations, and what it signals about the future of technology and Musk's continuing influence. The article also compares this event to similar initiatives in the past and offers insights into strategic decisions and broader societal impact.	USA
Tesla full self-driving demo	https://example.com/tesla-full-self-driving-demo-19	This article covers Tesla full self-driving demo, exploring Elon Musk's role and its implications for the industry. It discusses recent developments, reactions from the public and experts, financial and ethical considerations, and what it signals about the future of technology and Musk's continuing influence. The article also compares this event to similar initiatives in the past and offers insights into strategic decisions and broader societal impact.	USA
SpaceX NASA collaboration	https://example.com/spacex-nasa-collaboration-20	This article covers SpaceX NASA collaboration, exploring Elon Musk's role and its implications for the industry. It discusses recent developments, reactions from the public and experts, financial and ethical considerations, and what it signals about the future of technology and Musk's continuing influence. The article also compares this event to similar initiatives in the past and offers insights into strategic decisions and broader societal impact.	USA
Tesla's stock price surge	https://example.com/tesla's-stock-price-surge-21	This article covers Tesla's stock price surge, exploring Elon Musk's role and its implications for the industry. It discusses recent developments, reactions from the public and experts, financial and ethical considerations, and what it signals about the future of technology and Musk's continuing influence. The article also compares this event to similar initiatives in the past and offers insights into strategic decisions and broader societal impact.	USA
Tesla factory tours	https://example.com/tesla-factory-tours-22	This article covers Tesla factory tours, exploring Elon Musk's role and its implications for the industry. It discusses recent developments, reactions from the public and experts, financial and ethical considerations, and what it signals about the future of technology and Musk's continuing influence. The article also compares this event to similar initiatives in the past and offers insights into strategic decisions and broader societal impact.	USA
Tesla investor day announcements	https://example.com/tesla-investor-day-announcements-23	This article covers Tesla investor day announcements, exploring Elon Musk's role and its implications for the industry. It discusses recent developments, reactions from the public and experts, financial and ethical considerations, and what it signals about the future of technology and Musk's continuing influence. The article also compares this event to similar initiatives in the past and offers insights into strategic decisions and broader societal impact.	USA
New products from The Boring Company	https://example.com/new-products-from-the-boring-company-24	This article covers New products from The Boring Company, exploring Elon Musk's role and its implications for the industry. It discusses recent developments, reactions from the public and experts, financial and ethical considerations, and what it signals about the future of technology and Musk's continuing influence. The article also compares this event to similar initiatives in the past and offers insights into strategic decisions and broader societal impact.	USA
SpaceX Mars mission update	https://example.com/spacex-mars-mission-update-25	This article covers SpaceX Mars mission update, exploring Elon Musk's role and its implications for the industry. It discusses recent developments, reactions from the public and experts, financial and ethical considerations, and what it signals about the future of technology and Musk's continuing influence. The article also compares this event to similar initiatives in the past and offers insights into strategic decisions and broader societal impact.	USA
Musk's parenting style	https://example.com/musk's-parenting-style-26	This article covers Musk's parenting style, exploring Elon Musk's role and its implications for the industry. It discusses recent developments, reactions from the public and experts, financial and ethical considerations, and what it signals about the future of technology and Musk's continuing influence. The article also compares this event to similar initiatives in the past and offers insights into strategic decisions and broader societal impact.	USA
SpaceX cargo missions	https://example.com/spacex-cargo-missions-27	This article covers SpaceX cargo missions, exploring Elon Musk's role and its implications for the industry. It discusses recent developments, reactions from the public and experts, financial and ethical considerations, and what it signals about the future of technology and Musk's continuing influence. The article also compares this event to similar initiatives in the past and offers insights into strategic decisions and broader societal impact.	USA
Tesla ride-sharing potential	https://example.com/tesla-ride-sharing-potential-28	This article covers Tesla ride-sharing potential, exploring Elon Musk's role and its implications for the industry. It discusses recent developments, reactions from the public and experts, financial and ethical considerations, and what it signals about the future of technology and Musk's continuing influence. The article also compares this event to similar initiatives in the past and offers insights into strategic decisions and broader societal impact.	USA
Tesla vehicle recall news	https://example.com/tesla-vehicle-recall-news-29	This article covers Tesla vehicle recall news, exploring Elon Musk's role and its implications for the industry. It discusses recent developments, reactions from the public and experts, financial and ethical considerations, and what it signals about the future of technology and Musk's continuing influence. The article also compares this event to similar initiatives in the past and offers insights into strategic decisions and broader societal impact.	USA
Tesla sustainability efforts	https://example.com/tesla-sustainability-efforts-30	This article covers Tesla sustainability efforts, exploring Elon Musk's role and its implications for the industry. It discusses recent developments, reactions from the public and experts, financial and ethical considerations, and what it signals about the future of technology and Musk's continuing influence. The article also compares this event to similar initiatives in the past and offers insights into strategic decisions and broader societal impact.	USA
Tesla's AI Day highlights	https://example.com/tesla's-ai-day-highlights-31	This article covers Tesla's AI Day highlights, exploring Elon Musk's role and its implications for the industry. It discusses recent developments, reactions from the public and experts, financial and ethical considerations, and what it signals about the future of technology and Musk's continuing influence. The article also compares this event to similar initiatives in the past and offers insights into strategic decisions and broader societal impact.	USA
Neuralink brain-chip trial	https://example.com/neuralink-brain-chip-trial-32	This article covers Neuralink brain-chip trial, exploring Elon Musk's role and its implications for the industry. It discusses recent developments, reactions from the public and experts, financial and ethical considerations, and what it signals about the future of technology and Musk's continuing influence. The article also compares this event to similar initiatives in the past and offers insights into strategic decisions and broader societal impact.	USA
Musk's political endorsements	https://example.com/musk's-political-endorsements-33	This article covers Musk's political endorsements, exploring Elon Musk's role and its implications for the industry. It discusses recent developments, reactions from the public and experts, financial and ethical considerations, and what it signals about the future of technology and Musk's continuing influence. The article also compares this event to similar initiatives in the past and offers insights into strategic decisions and broader societal impact.	USA
Tesla's North American sales	https://example.com/tesla's-north-american-sales-34	This article covers Tesla's North American sales, exploring Elon Musk's role and its implications for the industry. It discusses recent developments, reactions from the public and experts, financial and ethical considerations, and what it signals about the future of technology and Musk's continuing influence. The article also compares this event to similar initiatives in the past and offers insights into strategic decisions and broader societal impact.	USA
Tesla earnings report	https://example.com/tesla-earnings-report-35	This article covers Tesla earnings report, exploring Elon Musk's role and its implications for the industry. It discusses recent developments, reactions from the public and experts, financial and ethical considerations, and what it signals about the future of technology and Musk's continuing influence. The article also compares this event to similar initiatives in the past and offers insights into strategic decisions and broader societal impact.	USA
Musk's work-life balance philosophy	https://example.com/musk's-work-life-balance-philosophy-36	This article covers Musk's work-life balance philosophy, exploring Elon Musk's role and its implications for the industry. It discusses recent developments, reactions from the public and experts, financial and ethical considerations, and what it signals about the future of technology and Musk's continuing influence. The article also compares this event to similar initiatives in the past and offers insights into strategic decisions and broader societal impact.	USA
Tesla's role in the EV industry	https://example.com/tesla's-role-in-the-ev-industry-37	This article covers Tesla's role in the EV industry, exploring Elon Musk's role and its implications for the industry. It discusses recent developments, reactions from the public and experts, financial and ethical considerations, and what it signals about the future of technology and Musk's continuing influence. The article also compares this event to similar initiatives in the past and offers insights into strategic decisions and broader societal impact.	USA
Cybertruck delivery delays	https://example.com/cybertruck-delivery-delays-38	This article covers Cybertruck delivery delays, exploring Elon Musk's role and its implications for the industry. It discusses recent developments, reactions from the public and experts, financial and ethical considerations, and what it signals about the future of technology and Musk's continuing influence. The article also compares this event to similar initiatives in the past and offers insights into strategic decisions and broader societal impact.	USA
The AI behind Grok chatbot	https://example.com/the-ai-behind-grok-chatbot-39	This article covers The AI behind Grok chatbot, exploring Elon Musk's role and its implications for the industry. It discusses recent developments, reactions from the public and experts, financial and ethical considerations, and what it signals about the future of technology and Musk's continuing influence. The article also compares this event to similar initiatives in the past and offers insights into strategic decisions and broader societal impact.	USA
Elon Musk's reading list	https://example.com/elon-musk's-reading-list-40	This article covers Elon Musk's reading list, exploring Elon Musk's role and its implications for the industry. It discusses recent developments, reactions from the public and experts, financial and ethical considerations, and what it signals about the future of technology and Musk's continuing influence. The article also compares this event to similar initiatives in the past and offers insights into strategic decisions and broader societal impact.	USA
xAI Grok AI assistant	https://example.com/xai-grok-ai-assistant-41	This article covers xAI Grok AI assistant, exploring Elon Musk's role and its implications for the industry. It discusses recent developments, reactions from the public and experts, financial and ethical considerations, and what it signals about the future of technology and Musk's continuing influence. The article also compares this event to similar initiatives in the past and offers insights into strategic decisions and broader societal impact.	USA
Musk's college life and early career	https://example.com/musk's-college-life-and-early-career-42	This article covers Musk's college life and early career, exploring Elon Musk's role and its implications for the industry. It discusses recent developments, reactions from the public and experts, financial and ethical considerations, and what it signals about the future of technology and Musk's continuing influence. The article also compares this event to similar initiatives in the past and offers insights into strategic decisions and broader societal impact.	USA
Tesla price cuts	https://example.com/tesla-price-cuts-43	This article covers Tesla price cuts, exploring Elon Musk's role and its implications for the industry. It discusses recent developments, reactions from the public and experts, financial and ethical considerations, and what it signals about the future of technology and Musk's continuing influence. The article also compares this event to similar initiatives in the past and offers insights into strategic decisions and broader societal impact.	USA
Starlink global expansion	https://example.com/starlink-global-expansion-44	This article covers Starlink global expansion, exploring Elon Musk's role and its implications for the industry. It discusses recent developments, reactions from the public and experts, financial and ethical considerations, and what it signals about the future of technology and Musk's continuing influence. The article also compares this event to similar initiatives in the past and offers insights into strategic decisions and broader societal impact.	USA
Tesla quarterly projections	https://example.com/tesla-quarterly-projections-45	This article covers Tesla quarterly projections, exploring Elon Musk's role and its implications for the industry. It discusses recent developments, reactions from the public and experts, financial and ethical considerations, and what it signals about the future of technology and Musk's continuing influence. The article also compares this event to similar initiatives in the past and offers insights into strategic decisions and broader societal impact.	USA
Tesla shareholders meeting	https://example.com/tesla-shareholders-meeting-46	This article covers Tesla shareholders meeting, exploring Elon Musk's role and its implications for the industry. It discusses recent developments, reactions from the public and experts, financial and ethical considerations, and what it signals about the future of technology and Musk's continuing influence. The article also compares this event to similar initiatives in the past and offers insights into strategic decisions and broader societal impact.	USA
Tesla's new Robotaxi rollout	https://example.com/tesla's-new-robotaxi-rollout-47	This article covers Tesla's new Robotaxi rollout, exploring Elon Musk's role and its implications for the industry. It discusses recent developments, reactions from the public and experts, financial and ethical considerations, and what it signals about the future of technology and Musk's continuing influence. The article also compares this event to similar initiatives in the past and offers insights into strategic decisions and broader societal impact.	USA
Musk's tax controversies	https://example.com/musk's-tax-controversies-48	This article covers Musk's tax controversies, exploring Elon Musk's role and its implications for the industry. It discusses recent developments, reactions from the public and experts, financial and ethical considerations, and what it signals about the future of technology and Musk's continuing influence. The article also compares this event to similar initiatives in the past and offers insights into strategic decisions and broader societal impact.	USA
Tesla's Gigafactory expansion	https://example.com/tesla's-gigafactory-expansion-49	This article covers Tesla's Gigafactory expansion, exploring Elon Musk's role and its implications for the industry. It discusses recent developments, reactions from the public and experts, financial and ethical considerations, and what it signals about the future of technology and Musk's continuing influence. The article also compares this event to similar initiatives in the past and offers insights into strategic decisions and broader societal impact.	USA
Musk's leadership philosophy	https://example.com/musk's-leadership-philosophy-50	This article covers Musk's leadership philosophy, exploring Elon Musk's role and its implications for the industry. It discusses recent developments, reactions from the public and experts, financial and ethical considerations, and what it signals about the future of technology and Musk's continuing influence. The article also compares this event to similar initiatives in the past and offers insights into strategic decisions and broader societal impact.	USA
Tesla battery recycling plan	https://example.com/tesla-battery-recycling-plan-51	This article covers Tesla battery recycling plan, exploring Elon Musk's role and its implications for the industry. It discusses recent developments, reactions from the public and experts, financial and ethical considerations, and what it signals about the future of technology and Musk's continuing influence. The article also compares this event to similar initiatives in the past and offers insights into strategic decisions and broader societal impact.	USA
Tesla's Gigapress in action	https://example.com/tesla's-gigapress-in-action-52	This article covers Tesla's Gigapress in action, exploring Elon Musk's role and its implications for the industry. It discusses recent developments, reactions from the public and experts, financial and ethical considerations, and what it signals about the future of technology and Musk's continuing influence. The article also compares this event to similar initiatives in the past and offers insights into strategic decisions and broader societal impact.	USA
Tesla rivals in EV space	https://example.com/tesla-rivals-in-ev-space-53	This article covers Tesla rivals in EV space, exploring Elon Musk's role and its implications for the industry. It discusses recent developments, reactions from the public and experts, financial and ethical considerations, and what it signals about the future of technology and Musk's continuing influence. The article also compares this event to similar initiatives in the past and offers insights into strategic decisions and broader societal impact.	USA
Neuralink implant design	https://example.com/neuralink-implant-design-54	This article covers Neuralink implant design, exploring Elon Musk's role and its implications for the industry. It discusses recent developments, reactions from the public and experts, financial and ethical considerations, and what it signals about the future of technology and Musk's continuing influence. The article also compares this event to similar initiatives in the past and offers insights into strategic decisions and broader societal impact.	USA
Elon Musk biography highlights	https://example.com/elon-musk-biography-highlights-55	This article covers Elon Musk biography highlights, exploring Elon Musk's role and its implications for the industry. It discusses recent developments, reactions from the public and experts, financial and ethical considerations, and what it signals about the future of technology and Musk's continuing influence. The article also compares this event to similar initiatives in the past and offers insights into strategic decisions and broader societal impact.	USA
Tesla Insurance program	https://example.com/tesla-insurance-program-56	This article covers Tesla Insurance program, exploring Elon Musk's role and its implications for the industry. It discusses recent developments, reactions from the public and experts, financial and ethical considerations, and what it signals about the future of technology and Musk's continuing influence. The article also compares this event to similar initiatives in the past and offers insights into strategic decisions and broader societal impact.	USA
Tesla vs traditional automakers	https://example.com/tesla-vs-traditional-automakers-57	This article covers Tesla vs traditional automakers, exploring Elon Musk's role and its implications for the industry. It discusses recent developments, reactions from the public and experts, financial and ethical considerations, and what it signals about the future of technology and Musk's continuing influence. The article also compares this event to similar initiatives in the past and offers insights into strategic decisions and broader societal impact.	USA
Tesla software update features	https://example.com/tesla-software-update-features-58	This article covers Tesla software update features, exploring Elon Musk's role and its implications for the industry. It discusses recent developments, reactions from the public and experts, financial and ethical considerations, and what it signals about the future of technology and Musk's continuing influence. The article also compares this event to similar initiatives in the past and offers insights into strategic decisions and broader societal impact.	USA
Musk's appearance on podcasts	https://example.com/musk's-appearance-on-podcasts-59	This article covers Musk's appearance on podcasts, exploring Elon Musk's role and its implications for the industry. It discusses recent developments, reactions from the public and experts, financial and ethical considerations, and what it signals about the future of technology and Musk's continuing influence. The article also compares this event to similar initiatives in the past and offers insights into strategic decisions and broader societal impact.	USA
Musk's time management strategy	https://example.com/musk's-time-management-strategy-60	This article covers Musk's time management strategy, exploring Elon Musk's role and its implications for the industry. It discusses recent developments, reactions from the public and experts, financial and ethical considerations, and what it signals about the future of technology and Musk's continuing influence. The article also compares this event to similar initiatives in the past and offers insights into strategic decisions and broader societal impact.	USA
Tesla marketing strategy	https://example.com/tesla-marketing-strategy-61	This article covers Tesla marketing strategy, exploring Elon Musk's role and its implications for the industry. It discusses recent developments, reactions from the public and experts, financial and ethical considerations, and what it signals about the future of technology and Musk's continuing influence. The article also compares this event to similar initiatives in the past and offers insights into strategic decisions and broader societal impact.	USA
Tesla ride-hailing future	https://example.com/tesla-ride-hailing-future-62	This article covers Tesla ride-hailing future, exploring Elon Musk's role and its implications for the industry. It discusses recent developments, reactions from the public and experts, financial and ethical considerations, and what it signals about the future of technology and Musk's continuing influence. The article also compares this event to similar initiatives in the past and offers insights into strategic decisions and broader societal impact.	USA
Tesla sales in China	https://example.com/tesla-sales-in-china-63	This article covers Tesla sales in China, exploring Elon Musk's role and its implications for the industry. It discusses recent developments, reactions from the public and experts, financial and ethical considerations, and what it signals about the future of technology and Musk's continuing influence. The article also compares this event to similar initiatives in the past and offers insights into strategic decisions and broader societal impact.	USA
Starlink in rural areas	https://example.com/starlink-in-rural-areas-64	This article covers Starlink in rural areas, exploring Elon Musk's role and its implications for the industry. It discusses recent developments, reactions from the public and experts, financial and ethical considerations, and what it signals about the future of technology and Musk's continuing influence. The article also compares this event to similar initiatives in the past and offers insights into strategic decisions and broader societal impact.	USA
Elon Musk's Twitter/X acquisition	https://example.com/elon-musk's-twitter/x-acquisition-65	This article covers Elon Musk's Twitter/X acquisition, exploring Elon Musk's role and its implications for the industry. It discusses recent developments, reactions from the public and experts, financial and ethical considerations, and what it signals about the future of technology and Musk's continuing influence. The article also compares this event to similar initiatives in the past and offers insights into strategic decisions and broader societal impact.	USA
Hyperloop transportation concept	https://example.com/hyperloop-transportation-concept-66	This article covers Hyperloop transportation concept, exploring Elon Musk's role and its implications for the industry. It discusses recent developments, reactions from the public and experts, financial and ethical considerations, and what it signals about the future of technology and Musk's continuing influence. The article also compares this event to similar initiatives in the past and offers insights into strategic decisions and broader societal impact.	USA
Tesla's European expansion	https://example.com/tesla's-european-expansion-67	This article covers Tesla's European expansion, exploring Elon Musk's role and its implications for the industry. It discusses recent developments, reactions from the public and experts, financial and ethical considerations, and what it signals about the future of technology and Musk's continuing influence. The article also compares this event to similar initiatives in the past and offers insights into strategic decisions and broader societal impact.	USA
Musk‚Äôs fashion style	https://example.com/musk‚Äôs-fashion-style-68	This article covers Musk‚Äôs fashion style, exploring Elon Musk's role and its implications for the industry. It discusses recent developments, reactions from the public and experts, financial and ethical considerations, and what it signals about the future of technology and Musk's continuing influence. The article also compares this event to similar initiatives in the past and offers insights into strategic decisions and broader societal impact.	USA
Tesla's hiring strategy	https://example.com/tesla's-hiring-strategy-69	This article covers Tesla's hiring strategy, exploring Elon Musk's role and its implications for the industry. It discusses recent developments, reactions from the public and experts, financial and ethical considerations, and what it signals about the future of technology and Musk's continuing influence. The article also compares this event to similar initiatives in the past and offers insights into strategic decisions and broader societal impact.	USA
Tesla battery innovation	https://example.com/tesla-battery-innovation-70	This article covers Tesla battery innovation, exploring Elon Musk's role and its implications for the industry. It discusses recent developments, reactions from the public and experts, financial and ethical considerations, and what it signals about the future of technology and Musk's continuing influence. The article also compares this event to similar initiatives in the past and offers insights into strategic decisions and broader societal impact.	USA
Tesla and chip shortages	https://example.com/tesla-and-chip-shortages-71	This article covers Tesla and chip shortages, exploring Elon Musk's role and its implications for the industry. It discusses recent developments, reactions from the public and experts, financial and ethical considerations, and what it signals about the future of technology and Musk's continuing influence. The article also compares this event to similar initiatives in the past and offers insights into strategic decisions and broader societal impact.	USA
Controversial tweets by Elon Musk	https://example.com/controversial-tweets-by-elon-musk-72	This article covers Controversial tweets by Elon Musk, exploring Elon Musk's role and its implications for the industry. It discusses recent developments, reactions from the public and experts, financial and ethical considerations, and what it signals about the future of technology and Musk's continuing influence. The article also compares this event to similar initiatives in the past and offers insights into strategic decisions and broader societal impact.	USA
SpaceX moon mission updates	https://example.com/spacex-moon-mission-updates-73	This article covers SpaceX moon mission updates, exploring Elon Musk's role and its implications for the industry. It discusses recent developments, reactions from the public and experts, financial and ethical considerations, and what it signals about the future of technology and Musk's continuing influence. The article also compares this event to similar initiatives in the past and offers insights into strategic decisions and broader societal impact.	USA
Tesla factory labor conditions	https://example.com/tesla-factory-labor-conditions-74	This article covers Tesla factory labor conditions, exploring Elon Musk's role and its implications for the industry. It discusses recent developments, reactions from the public and experts, financial and ethical considerations, and what it signals about the future of technology and Musk's continuing influence. The article also compares this event to similar initiatives in the past and offers insights into strategic decisions and broader societal impact.	USA
Tesla and Apple Car competition	https://example.com/tesla-and-apple-car-competition-75	This article covers Tesla and Apple Car competition, exploring Elon Musk's role and its implications for the industry. It discusses recent developments, reactions from the public and experts, financial and ethical considerations, and what it signals about the future of technology and Musk's continuing influence. The article also compares this event to similar initiatives in the past and offers insights into strategic decisions and broader societal impact.	USA
Elon Musk and Joe Rogan interviews	https://example.com/elon-musk-and-joe-rogan-interviews-76	This article covers Elon Musk and Joe Rogan interviews, exploring Elon Musk's role and its implications for the industry. It discusses recent developments, reactions from the public and experts, financial and ethical considerations, and what it signals about the future of technology and Musk's continuing influence. The article also compares this event to similar initiatives in the past and offers insights into strategic decisions and broader societal impact.	USA
SpaceX rocket development timeline	https://example.com/spacex-rocket-development-timeline-77	This article covers SpaceX rocket development timeline, exploring Elon Musk's role and its implications for the industry. It discusses recent developments, reactions from the public and experts, financial and ethical considerations, and what it signals about the future of technology and Musk's continuing influence. The article also compares this event to similar initiatives in the past and offers insights into strategic decisions and broader societal impact.	USA
SpaceX launch pad upgrades	https://example.com/spacex-launch-pad-upgrades-78	This article covers SpaceX launch pad upgrades, exploring Elon Musk's role and its implications for the industry. It discusses recent developments, reactions from the public and experts, financial and ethical considerations, and what it signals about the future of technology and Musk's continuing influence. The article also compares this event to similar initiatives in the past and offers insights into strategic decisions and broader societal impact.	USA
SpaceX launch livestream	https://example.com/spacex-launch-livestream-79	This article covers SpaceX launch livestream, exploring Elon Musk's role and its implications for the industry. It discusses recent developments, reactions from the public and experts, financial and ethical considerations, and what it signals about the future of technology and Musk's continuing influence. The article also compares this event to similar initiatives in the past and offers insights into strategic decisions and broader societal impact.	USA
Tesla Model Y updates	https://example.com/tesla-model-y-updates-80	This article covers Tesla Model Y updates, exploring Elon Musk's role and its implications for the industry. It discusses recent developments, reactions from the public and experts, financial and ethical considerations, and what it signals about the future of technology and Musk's continuing influence. The article also compares this event to similar initiatives in the past and offers insights into strategic decisions and broader societal impact.	USA
Musk‚Äôs Twitter/X business model	https://example.com/musk‚Äôs-twitter/x-business-model-81	This article covers Musk‚Äôs Twitter/X business model, exploring Elon Musk's role and its implications for the industry. It discusses recent developments, reactions from the public and experts, financial and ethical considerations, and what it signals about the future of technology and Musk's continuing influence. The article also compares this event to similar initiatives in the past and offers insights into strategic decisions and broader societal impact.	USA
Tesla software bugs	https://example.com/tesla-software-bugs-82	This article covers Tesla software bugs, exploring Elon Musk's role and its implications for the industry. It discusses recent developments, reactions from the public and experts, financial and ethical considerations, and what it signals about the future of technology and Musk's continuing influence. The article also compares this event to similar initiatives in the past and offers insights into strategic decisions and broader societal impact.	USA
SpaceX mission to ISS	https://example.com/spacex-mission-to-iss-83	This article covers SpaceX mission to ISS, exploring Elon Musk's role and its implications for the industry. It discusses recent developments, reactions from the public and experts, financial and ethical considerations, and what it signals about the future of technology and Musk's continuing influence. The article also compares this event to similar initiatives in the past and offers insights into strategic decisions and broader societal impact.	USA
Grok's chatbot bias concerns	https://example.com/grok's-chatbot-bias-concerns-84	This article covers Grok's chatbot bias concerns, exploring Elon Musk's role and its implications for the industry. It discusses recent developments, reactions from the public and experts, financial and ethical considerations, and what it signals about the future of technology and Musk's continuing influence. The article also compares this event to similar initiatives in the past and offers insights into strategic decisions and broader societal impact.	USA
SpaceX launch delays	https://example.com/spacex-launch-delays-85	This article covers SpaceX launch delays, exploring Elon Musk's role and its implications for the industry. It discusses recent developments, reactions from the public and experts, financial and ethical considerations, and what it signals about the future of technology and Musk's continuing influence. The article also compares this event to similar initiatives in the past and offers insights into strategic decisions and broader societal impact.	USA
Tesla Model 3 production update	https://example.com/tesla-model-3-production-update-86	This article covers Tesla Model 3 production update, exploring Elon Musk's role and its implications for the industry. It discusses recent developments, reactions from the public and experts, financial and ethical considerations, and what it signals about the future of technology and Musk's continuing influence. The article also compares this event to similar initiatives in the past and offers insights into strategic decisions and broader societal impact.	USA
Musk's public appearances	https://example.com/musk's-public-appearances-87	This article covers Musk's public appearances, exploring Elon Musk's role and its implications for the industry. It discusses recent developments, reactions from the public and experts, financial and ethical considerations, and what it signals about the future of technology and Musk's continuing influence. The article also compares this event to similar initiatives in the past and offers insights into strategic decisions and broader societal impact.	USA
Tesla car subscription services	https://example.com/tesla-car-subscription-services-88	This article covers Tesla car subscription services, exploring Elon Musk's role and its implications for the industry. It discusses recent developments, reactions from the public and experts, financial and ethical considerations, and what it signals about the future of technology and Musk's continuing influence. The article also compares this event to similar initiatives in the past and offers insights into strategic decisions and broader societal impact.	USA
Musk's views on AI regulation	https://example.com/musk's-views-on-ai-regulation-89	This article covers Musk's views on AI regulation, exploring Elon Musk's role and its implications for the industry. It discusses recent developments, reactions from the public and experts, financial and ethical considerations, and what it signals about the future of technology and Musk's continuing influence. The article also compares this event to similar initiatives in the past and offers insights into strategic decisions and broader societal impact.	USA
Elon Musk and climate change	https://example.com/elon-musk-and-climate-change-90	This article covers Elon Musk and climate change, exploring Elon Musk's role and its implications for the industry. It discusses recent developments, reactions from the public and experts, financial and ethical considerations, and what it signals about the future of technology and Musk's continuing influence. The article also compares this event to similar initiatives in the past and offers insights into strategic decisions and broader societal impact.	USA
Tesla resale values	https://example.com/tesla-resale-values-91	This article covers Tesla resale values, exploring Elon Musk's role and its implications for the industry. It discusses recent developments, reactions from the public and experts, financial and ethical considerations, and what it signals about the future of technology and Musk's continuing influence. The article also compares this event to similar initiatives in the past and offers insights into strategic decisions and broader societal impact.	USA
Tesla charging station partnerships	https://example.com/tesla-charging-station-partnerships-92	This article covers Tesla charging station partnerships, exploring Elon Musk's role and its implications for the industry. It discusses recent developments, reactions from the public and experts, financial and ethical considerations, and what it signals about the future of technology and Musk's continuing influence. The article also compares this event to similar initiatives in the past and offers insights into strategic decisions and broader societal impact.	USA
Tesla solar roof installations	https://example.com/tesla-solar-roof-installations-93	This article covers Tesla solar roof installations, exploring Elon Musk's role and its implications for the industry. It discusses recent developments, reactions from the public and experts, financial and ethical considerations, and what it signals about the future of technology and Musk's continuing influence. The article also compares this event to similar initiatives in the past and offers insights into strategic decisions and broader societal impact.	USA
SpaceX Mars base design	https://example.com/spacex-mars-base-design-94	This article covers SpaceX Mars base design, exploring Elon Musk's role and its implications for the industry. It discusses recent developments, reactions from the public and experts, financial and ethical considerations, and what it signals about the future of technology and Musk's continuing influence. The article also compares this event to similar initiatives in the past and offers insights into strategic decisions and broader societal impact.	USA
Tesla safety rating improvements	https://example.com/tesla-safety-rating-improvements-95	This article covers Tesla safety rating improvements, exploring Elon Musk's role and its implications for the industry. It discusses recent developments, reactions from the public and experts, financial and ethical considerations, and what it signals about the future of technology and Musk's continuing influence. The article also compares this event to similar initiatives in the past and offers insights into strategic decisions and broader societal impact.	USA
SpaceX reusable rocket milestone	https://example.com/spacex-reusable-rocket-milestone-96	This article covers SpaceX reusable rocket milestone, exploring Elon Musk's role and its implications for the industry. It discusses recent developments, reactions from the public and experts, financial and ethical considerations, and what it signals about the future of technology and Musk's continuing influence. The article also compares this event to similar initiatives in the past and offers insights into strategic decisions and broader societal impact.	USA
Musk's thoughts on colonizing Mars	https://example.com/musk's-thoughts-on-colonizing-mars-97	This article covers Musk's thoughts on colonizing Mars, exploring Elon Musk's role and its implications for the industry. It discusses recent developments, reactions from the public and experts, financial and ethical considerations, and what it signals about the future of technology and Musk's continuing influence. The article also compares this event to similar initiatives in the past and offers insights into strategic decisions and broader societal impact.	USA
Musk‚Äôs book recommendations	https://example.com/musk‚Äôs-book-recommendations-98	This article covers Musk‚Äôs book recommendations, exploring Elon Musk's role and its implications for the industry. It discusses recent developments, reactions from the public and experts, financial and ethical considerations, and what it signals about the future of technology and Musk's continuing influence. The article also compares this event to similar initiatives in the past and offers insights into strategic decisions and broader societal impact.	USA
SpaceX satellite collision avoidance	https://example.com/spacex-satellite-collision-avoidance-99	This article covers SpaceX satellite collision avoidance, exploring Elon Musk's role and its implications for the industry. It discusses recent developments, reactions from the public and experts, financial and ethical considerations, and what it signals about the future of technology and Musk's continuing influence. The article also compares this event to similar initiatives in the past and offers insights into strategic decisions and broader societal impact.	USA
Tesla and union relations	https://example.com/tesla-and-union-relations-100	This article covers Tesla and union relations, exploring Elon Musk's role and its implications for the industry. It discusses recent developments, reactions from the public and experts, financial and ethical considerations, and what it signals about the future of technology and Musk's continuing influence. The article also compares this event to similar initiatives in the past and offers insights into strategic decisions and broader societal impact.	USA